{"Destination_latitude": 47.0220269, "Destination_longitude": 11.5023193, "EmV_current_longitude": 11.5023193, "EmV_current_latitude": 47.0220269, "stationID": 100001, "speed": 30}