{"EmV_current_longitude": 11.5023193, "Destination_latitude": 47.0220269, "speed": 30, "stationID": 100001, "Destination_longitude": 11.5023193, "EmV_current_latitude": 47.0220269}