{"Destination_latitude": 47.0220269, "EmV_current_latitude": 47.0220269, "stationID": 100001, "Destination_longitude": 11.5023193, "speed": 30, "EmV_current_longitude": 11.5023193}